{"v":"4.8.0","meta":{"g":"LottieFiles AE ","a":"","k":"","d":"","tc":""},"fr":50,"ip":0,"op":100,"w":265,"h":225,"nm":"Comp 1","ddd":0,"assets":[],"layers":[{"ddd":0,"ind":1,"ty":4,"nm":"Layer 1","sr":1,"ks":{"o":{"a":0,"k":100,"ix":11},"r":{"a":1,"k":[{"i":{"x":[0.471],"y":[0.977]},"o":{"x":[0.823],"y":[0.255]},"t":0,"s":[-2.041]},{"t":60.072265625,"s":[359]}],"ix":10},"p":{"a":0,"k":[135,119,0],"ix":2},"a":{"a":0,"k":[-2.05,67.622,0],"ix":1},"s":{"a":0,"k":[100,100,100],"ix":6}},"ao":0,"shapes":[{"ty":"gr","it":[{"ind":0,"ty":"sh","ix":1,"ks":{"a":0,"k":{"i":[[0,-12.095],[12.095,0],[0,12.095],[-12.095,0]],"o":[[0,12.095],[-12.095,0],[0,-12.095],[12.095,0]],"v":[[21.9,0],[0,21.9],[-21.9,0],[0,-21.9]],"c":true},"ix":2},"nm":"Path 1","mn":"ADBE Vector Shape - Group","hd":false},{"ty":"gf","o":{"a":0,"k":100,"ix":10},"r":1,"bm":0,"g":{"p":3,"k":{"a":0,"k":[0,0.957,0.855,0.255,0.5,0.937,0.733,0.208,1,0.916,0.611,0.16],"ix":9}},"s":{"a":0,"k":[-0.55,-20.378],"ix":5},"e":{"a":0,"k":[-0.55,23.774],"ix":6},"t":1,"nm":"Gradient Fill 1","mn":"ADBE Vector Graphic - G-Fill","hd":false},{"ty":"tr","p":{"a":0,"k":[0,0],"ix":2},"a":{"a":0,"k":[0,0],"ix":1},"s":{"a":0,"k":[100,100],"ix":3},"r":{"a":0,"k":0,"ix":6},"o":{"a":0,"k":100,"ix":7},"sk":{"a":0,"k":0,"ix":4},"sa":{"a":0,"k":0,"ix":5},"nm":"Transform"}],"nm":"Group 1","np":2,"cix":2,"bm":0,"ix":1,"mn":"ADBE Vector Group","hd":false}],"ip":0,"op":100,"st":0,"bm":0},{"ddd":0,"ind":2,"ty":4,"nm":"Layer 2","sr":1,"ks":{"o":{"a":0,"k":100,"ix":11},"r":{"a":1,"k":[{"i":{"x":[0.47],"y":[0.969]},"o":{"x":[0.829],"y":[0.125]},"t":3.428,"s":[-2.041]},{"t":63.5,"s":[359]}],"ix":10},"p":{"a":0,"k":[135,119,0],"ix":2},"a":{"a":0,"k":[-2.05,67.622,0],"ix":1},"s":{"a":0,"k":[100,100,100],"ix":6}},"ao":0,"shapes":[{"ty":"gr","it":[{"ind":0,"ty":"sh","ix":1,"ks":{"a":0,"k":{"i":[[0,-11.327],[11.327,0],[0,11.327],[-11.327,0]],"o":[[0,11.327],[-11.327,0],[0,-11.327],[11.327,0]],"v":[[20.509,0],[0,20.509],[-20.509,0],[0,-20.509]],"c":true},"ix":2},"nm":"Path 1","mn":"ADBE Vector Shape - Group","hd":false},{"ty":"gf","o":{"a":0,"k":100,"ix":10},"r":1,"bm":0,"g":{"p":3,"k":{"a":0,"k":[0.101,1,0.4,0.514,0.55,0.919,0.322,0.446,1,0.837,0.243,0.378],"ix":9}},"s":{"a":0,"k":[-0.55,-19.378],"ix":5},"e":{"a":0,"k":[-0.55,17.721],"ix":6},"t":1,"nm":"Gradient Fill 1","mn":"ADBE Vector Graphic - G-Fill","hd":false},{"ty":"tr","p":{"a":0,"k":[0,0],"ix":2},"a":{"a":0,"k":[0,0],"ix":1},"s":{"a":0,"k":[100,100],"ix":3},"r":{"a":0,"k":0,"ix":6},"o":{"a":0,"k":100,"ix":7},"sk":{"a":0,"k":0,"ix":4},"sa":{"a":0,"k":0,"ix":5},"nm":"Transform"}],"nm":"Group 1","np":2,"cix":2,"bm":0,"ix":1,"mn":"ADBE Vector Group","hd":false}],"ip":0,"op":100,"st":3,"bm":0},{"ddd":0,"ind":3,"ty":4,"nm":"Layer 3","sr":1,"ks":{"o":{"a":0,"k":100,"ix":11},"r":{"a":1,"k":[{"i":{"x":[0.471],"y":[0.977]},"o":{"x":[0.829],"y":[0.137]},"t":7.898,"s":[-2.041]},{"t":67.97265625,"s":[359]}],"ix":10},"p":{"a":0,"k":[135,119,0],"ix":2},"a":{"a":0,"k":[-2.05,67.622,0],"ix":1},"s":{"a":0,"k":[100,100,100],"ix":6}},"ao":0,"shapes":[{"ty":"gr","it":[{"ind":0,"ty":"sh","ix":1,"ks":{"a":0,"k":{"i":[[0,-10.367],[10.367,0],[0,10.367],[-10.367,0]],"o":[[0,10.367],[-10.367,0],[0,-10.367],[10.367,0]],"v":[[18.771,0],[0,18.771],[-18.771,0],[0,-18.771]],"c":true},"ix":2},"nm":"Path 1","mn":"ADBE Vector Shape - Group","hd":false},{"ty":"gf","o":{"a":0,"k":100,"ix":10},"r":1,"bm":0,"g":{"p":3,"k":{"a":0,"k":[0.134,0.93,0.46,1,0.567,0.738,0.363,0.89,1,0.546,0.265,0.78],"ix":9}},"s":{"a":0,"k":[-0.55,-20.378],"ix":5},"e":{"a":0,"k":[-0.55,18.264],"ix":6},"t":1,"nm":"Gradient Fill 1","mn":"ADBE Vector Graphic - G-Fill","hd":false},{"ty":"tr","p":{"a":0,"k":[0,0],"ix":2},"a":{"a":0,"k":[0,0],"ix":1},"s":{"a":0,"k":[100,100],"ix":3},"r":{"a":0,"k":0,"ix":6},"o":{"a":0,"k":100,"ix":7},"sk":{"a":0,"k":0,"ix":4},"sa":{"a":0,"k":0,"ix":5},"nm":"Transform"}],"nm":"Group 1","np":2,"cix":2,"bm":0,"ix":1,"mn":"ADBE Vector Group","hd":false}],"ip":0,"op":100,"st":7,"bm":0},{"ddd":0,"ind":4,"ty":4,"nm":"Layer 4","sr":1,"ks":{"o":{"a":0,"k":100,"ix":11},"r":{"a":1,"k":[{"i":{"x":[0.47],"y":[0.969]},"o":{"x":[0.829],"y":[0.125]},"t":13.414,"s":[-2.041]},{"t":73.486328125,"s":[359]}],"ix":10},"p":{"a":0,"k":[135,119,0],"ix":2},"a":{"a":0,"k":[-2.05,67.622,0],"ix":1},"s":{"a":0,"k":[100,100,100],"ix":6}},"ao":0,"shapes":[{"ty":"gr","it":[{"ind":0,"ty":"sh","ix":1,"ks":{"a":0,"k":{"i":[[0,-9.407],[9.407,0],[0,9.407],[-9.407,0]],"o":[[0,9.407],[-9.407,0],[0,-9.407],[9.407,0]],"v":[[17.033,0],[0,17.033],[-17.033,0],[0,-17.033]],"c":true},"ix":2},"nm":"Path 1","mn":"ADBE Vector Shape - Group","hd":false},{"ty":"gf","o":{"a":0,"k":100,"ix":10},"r":1,"bm":0,"g":{"p":3,"k":{"a":0,"k":[0.134,0.451,0.855,1,0.564,0.387,0.724,0.855,0.994,0.323,0.593,0.71],"ix":9}},"s":{"a":0,"k":[-0.55,-17.378],"ix":5},"e":{"a":0,"k":[-0.55,14.312],"ix":6},"t":1,"nm":"Gradient Fill 1","mn":"ADBE Vector Graphic - G-Fill","hd":false},{"ty":"tr","p":{"a":0,"k":[0,0],"ix":2},"a":{"a":0,"k":[0,0],"ix":1},"s":{"a":0,"k":[100,100],"ix":3},"r":{"a":0,"k":0,"ix":6},"o":{"a":0,"k":100,"ix":7},"sk":{"a":0,"k":0,"ix":4},"sa":{"a":0,"k":0,"ix":5},"nm":"Transform"}],"nm":"Group 1","np":2,"cix":2,"bm":0,"ix":1,"mn":"ADBE Vector Group","hd":false}],"ip":0,"op":100,"st":12,"bm":0},{"ddd":0,"ind":5,"ty":4,"nm":"Layer 5","sr":1,"ks":{"o":{"a":0,"k":100,"ix":11},"r":{"a":1,"k":[{"i":{"x":[0.471],"y":[0.977]},"o":{"x":[0.829],"y":[0.137]},"t":18.928,"s":[-2.041]},{"t":79,"s":[359]}],"ix":10},"p":{"a":0,"k":[135,119,0],"ix":2},"a":{"a":0,"k":[-2.05,67.622,0],"ix":1},"s":{"a":0,"k":[100,100,100],"ix":6}},"ao":0,"shapes":[{"ty":"gr","it":[{"ind":0,"ty":"sh","ix":1,"ks":{"a":0,"k":{"i":[[0,-8.063],[8.063,0],[0,8.063],[-8.063,0]],"o":[[0,8.063],[-8.063,0],[0,-8.063],[8.063,0]],"v":[[14.6,0],[0,14.6],[-14.6,0],[0,-14.6]],"c":true},"ix":2},"nm":"Path 1","mn":"ADBE Vector Shape - Group","hd":false},{"ty":"gf","o":{"a":0,"k":100,"ix":10},"r":1,"bm":0,"g":{"p":3,"k":{"a":0,"k":[0.134,0.286,1,0.149,0.564,0.262,0.905,0.124,0.994,0.238,0.81,0.098],"ix":9}},"s":{"a":0,"k":[-0.55,-15.378],"ix":5},"e":{"a":0,"k":[-0.55,11.255],"ix":6},"t":1,"nm":"Gradient Fill 1","mn":"ADBE Vector Graphic - G-Fill","hd":false},{"ty":"tr","p":{"a":0,"k":[0,0],"ix":2},"a":{"a":0,"k":[0,0],"ix":1},"s":{"a":0,"k":[100,100],"ix":3},"r":{"a":0,"k":0,"ix":6},"o":{"a":0,"k":100,"ix":7},"sk":{"a":0,"k":0,"ix":4},"sa":{"a":0,"k":0,"ix":5},"nm":"Transform"}],"nm":"Group 1","np":2,"cix":2,"bm":0,"ix":1,"mn":"ADBE Vector Group","hd":false}],"ip":-1,"op":100,"st":17,"bm":0}],"markers":[]}